{
    "FPR": 0.1040950206629483,
    "FNR": 0.9584615384615385,
    "RCL": 0.04153846153846154,
    "PRC": 0.03612523414503613,
    "ACC": 0.8225503923070827,
    "F1": 0.038643194504079006,
    "AUC": 0.4019207894379989
}