{
    "FPR": 0.018804104798486498,
    "FNR": 0.8704260864037968,
    "RCL": 0.12957391359620316,
    "PRC": 0.949095988205168,
    "ACC": 0.3593827351485149,
    "F1": 0.22801800878067877,
    "AUC": 0.8020440471761106
}