{
    "FPR": 0.12798830476408873,
    "FNR": 0.08326800432230862,
    "RCL": 0.9167319956776914,
    "PRC": 0.9509335267420521,
    "ACC": 0.9046642945544554,
    "F1": 0.9335196043000544,
    "AUC": 0.9498570052714421
}