{
    "FPR": 0.0,
    "FNR": 0.6492043985846558,
    "RCL": 0.3507956014153442,
    "PRC": 1.0,
    "ACC": 0.5259823638613862,
    "F1": 0.5193910922537587,
    "AUC": 0.5
}