{
    "FPR": NaN,
    "FNR": 0.990632318501171,
    "RCL": 0.00936768149882904,
    "PRC": 1.0,
    "ACC": 0.00936768149882904,
    "F1": 0.018561484918793503
}