{
    "FPR": 1.0,
    "FNR": 0.0,
    "RCL": 1.0,
    "PRC": 0.730151608910891,
    "ACC": 0.730151608910891,
    "F1": 0.8440319393402899,
    "AUC": 0.9553980015804804
}